[
{
  "model": "admin.logentry",
  "pk": 1,
  "fields": {
    "action_time": "2023-07-12T18:43:37.626Z",
    "user": 1,
    "content_type": 7,
    "object_id": "1",
    "object_repr": "Post 1",
    "action_flag": 1,
    "change_message": "[{\"added\": {}}]"
  }
},
{
  "model": "admin.logentry",
  "pk": 2,
  "fields": {
    "action_time": "2023-07-12T21:23:58.460Z",
    "user": 1,
    "content_type": 7,
    "object_id": "2",
    "object_repr": "Post 2",
    "action_flag": 1,
    "change_message": "[{\"added\": {}}]"
  }
},
{
  "model": "admin.logentry",
  "pk": 3,
  "fields": {
    "action_time": "2023-07-13T08:04:54.293Z",
    "user": 1,
    "content_type": 7,
    "object_id": "4",
    "object_repr": "What is Django Framework?",
    "action_flag": 1,
    "change_message": "[{\"added\": {}}]"
  }
},
{
  "model": "admin.logentry",
  "pk": 4,
  "fields": {
    "action_time": "2023-07-13T16:38:32.839Z",
    "user": 1,
    "content_type": 7,
    "object_id": "5",
    "object_repr": "What is On-page SEO?",
    "action_flag": 1,
    "change_message": "[{\"added\": {}}]"
  }
},
{
  "model": "admin.logentry",
  "pk": 5,
  "fields": {
    "action_time": "2023-07-13T17:40:28.271Z",
    "user": 1,
    "content_type": 7,
    "object_id": "6",
    "object_repr": "HTTP Methods: CRUD",
    "action_flag": 1,
    "change_message": "[{\"added\": {}}]"
  }
},
{
  "model": "admin.logentry",
  "pk": 6,
  "fields": {
    "action_time": "2023-07-13T17:40:49.816Z",
    "user": 1,
    "content_type": 7,
    "object_id": "6",
    "object_repr": "HTTP Methods: CRUD",
    "action_flag": 2,
    "change_message": "[{\"changed\": {\"fields\": [\"Status\"]}}]"
  }
},
{
  "model": "admin.logentry",
  "pk": 7,
  "fields": {
    "action_time": "2023-07-13T17:47:07.318Z",
    "user": 1,
    "content_type": 7,
    "object_id": "7",
    "object_repr": "Object-Oriented-Programming (OOP) in python 3",
    "action_flag": 1,
    "change_message": "[{\"added\": {}}]"
  }
},
{
  "model": "admin.logentry",
  "pk": 8,
  "fields": {
    "action_time": "2023-07-13T17:48:59.111Z",
    "user": 1,
    "content_type": 4,
    "object_id": "2",
    "object_repr": "Jose",
    "action_flag": 1,
    "change_message": "[{\"added\": {}}]"
  }
},
{
  "model": "admin.logentry",
  "pk": 9,
  "fields": {
    "action_time": "2023-07-13T17:49:59.872Z",
    "user": 1,
    "content_type": 4,
    "object_id": "2",
    "object_repr": "Jose",
    "action_flag": 2,
    "change_message": "[{\"changed\": {\"fields\": [\"First name\", \"Last name\", \"Email address\"]}}]"
  }
},
{
  "model": "admin.logentry",
  "pk": 10,
  "fields": {
    "action_time": "2023-07-13T17:51:35.285Z",
    "user": 1,
    "content_type": 4,
    "object_id": "2",
    "object_repr": "Jose",
    "action_flag": 2,
    "change_message": "[{\"changed\": {\"fields\": [\"password\"]}}]"
  }
},
{
  "model": "admin.logentry",
  "pk": 11,
  "fields": {
    "action_time": "2023-07-13T17:54:10.030Z",
    "user": 1,
    "content_type": 4,
    "object_id": "2",
    "object_repr": "Jose",
    "action_flag": 2,
    "change_message": "[{\"changed\": {\"fields\": [\"Staff status\"]}}]"
  }
},
{
  "model": "admin.logentry",
  "pk": 12,
  "fields": {
    "action_time": "2023-07-13T17:55:25.652Z",
    "user": 1,
    "content_type": 4,
    "object_id": "2",
    "object_repr": "Jose",
    "action_flag": 2,
    "change_message": "[{\"changed\": {\"fields\": [\"Superuser status\"]}}]"
  }
},
{
  "model": "admin.logentry",
  "pk": 13,
  "fields": {
    "action_time": "2023-07-13T18:01:52.298Z",
    "user": 2,
    "content_type": 7,
    "object_id": "8",
    "object_repr": "Class vs Instances",
    "action_flag": 1,
    "change_message": "[{\"added\": {}}]"
  }
},
{
  "model": "admin.logentry",
  "pk": 14,
  "fields": {
    "action_time": "2023-07-18T21:30:14.005Z",
    "user": 2,
    "content_type": 8,
    "object_id": "1",
    "object_repr": "Comment by Jose Sholly on Object-Oriented-Programming (OOP) in python 3",
    "action_flag": 2,
    "change_message": "[{\"changed\": {\"fields\": [\"Active\"]}}]"
  }
},
{
  "model": "admin.logentry",
  "pk": 15,
  "fields": {
    "action_time": "2023-07-18T21:30:33.305Z",
    "user": 2,
    "content_type": 8,
    "object_id": "2",
    "object_repr": "Comment by Jose Sholly on Class vs Instances",
    "action_flag": 2,
    "change_message": "[{\"changed\": {\"fields\": [\"Active\"]}}]"
  }
},
{
  "model": "admin.logentry",
  "pk": 16,
  "fields": {
    "action_time": "2023-07-18T21:30:50.035Z",
    "user": 2,
    "content_type": 8,
    "object_id": "3",
    "object_repr": "Comment by Jose Sholly on Object-Oriented-Programming (OOP) in python 3",
    "action_flag": 2,
    "change_message": "[]"
  }
},
{
  "model": "admin.logentry",
  "pk": 17,
  "fields": {
    "action_time": "2023-07-18T21:30:59.327Z",
    "user": 2,
    "content_type": 8,
    "object_id": "3",
    "object_repr": "Comment by Jose Sholly on Object-Oriented-Programming (OOP) in python 3",
    "action_flag": 2,
    "change_message": "[{\"changed\": {\"fields\": [\"Active\"]}}]"
  }
},
{
  "model": "admin.logentry",
  "pk": 18,
  "fields": {
    "action_time": "2023-07-18T22:47:17.981Z",
    "user": 2,
    "content_type": 8,
    "object_id": "11",
    "object_repr": "Comment by Lena on HTTP Methods: CRUD",
    "action_flag": 2,
    "change_message": "[{\"changed\": {\"fields\": [\"Active\"]}}]"
  }
},
{
  "model": "admin.logentry",
  "pk": 19,
  "fields": {
    "action_time": "2023-07-18T22:47:39.365Z",
    "user": 2,
    "content_type": 8,
    "object_id": "4",
    "object_repr": "Comment by Jose Sholly on Object-Oriented-Programming (OOP) in python 3",
    "action_flag": 2,
    "change_message": "[{\"changed\": {\"fields\": [\"Active\"]}}]"
  }
},
{
  "model": "admin.logentry",
  "pk": 20,
  "fields": {
    "action_time": "2023-07-18T22:47:57.922Z",
    "user": 2,
    "content_type": 8,
    "object_id": "5",
    "object_repr": "Comment by Jose Sholly on Object-Oriented-Programming (OOP) in python 3",
    "action_flag": 2,
    "change_message": "[{\"changed\": {\"fields\": [\"Active\"]}}]"
  }
},
{
  "model": "admin.logentry",
  "pk": 21,
  "fields": {
    "action_time": "2023-07-18T22:48:12.860Z",
    "user": 2,
    "content_type": 8,
    "object_id": "6",
    "object_repr": "Comment by Jose Sholly on Object-Oriented-Programming (OOP) in python 3",
    "action_flag": 2,
    "change_message": "[{\"changed\": {\"fields\": [\"Active\"]}}]"
  }
},
{
  "model": "admin.logentry",
  "pk": 22,
  "fields": {
    "action_time": "2023-07-18T22:48:29.848Z",
    "user": 2,
    "content_type": 8,
    "object_id": "7",
    "object_repr": "Comment by Admin on HTTP Methods: CRUD",
    "action_flag": 2,
    "change_message": "[{\"changed\": {\"fields\": [\"Active\"]}}]"
  }
},
{
  "model": "admin.logentry",
  "pk": 23,
  "fields": {
    "action_time": "2023-07-18T22:48:54.415Z",
    "user": 2,
    "content_type": 8,
    "object_id": "8",
    "object_repr": "Comment by Lena on Object-Oriented-Programming (OOP) in python 3",
    "action_flag": 2,
    "change_message": "[{\"changed\": {\"fields\": [\"Active\"]}}]"
  }
},
{
  "model": "admin.logentry",
  "pk": 24,
  "fields": {
    "action_time": "2023-07-18T22:49:10.574Z",
    "user": 2,
    "content_type": 8,
    "object_id": "9",
    "object_repr": "Comment by Jose on Object-Oriented-Programming (OOP) in python 3",
    "action_flag": 2,
    "change_message": "[{\"changed\": {\"fields\": [\"Active\"]}}]"
  }
},
{
  "model": "admin.logentry",
  "pk": 25,
  "fields": {
    "action_time": "2023-07-18T22:49:24.812Z",
    "user": 2,
    "content_type": 8,
    "object_id": "10",
    "object_repr": "Comment by Zeal on HTTP Methods: CRUD",
    "action_flag": 2,
    "change_message": "[{\"changed\": {\"fields\": [\"Active\"]}}]"
  }
},
{
  "model": "admin.logentry",
  "pk": 26,
  "fields": {
    "action_time": "2023-07-22T14:29:41.222Z",
    "user": 1,
    "content_type": 9,
    "object_id": "1",
    "object_repr": "jazz",
    "action_flag": 2,
    "change_message": "[{\"added\": {\"name\": \"tagged item\", \"object\": \"Post 1 tagged with jazz\"}}]"
  }
},
{
  "model": "admin.logentry",
  "pk": 27,
  "fields": {
    "action_time": "2023-07-22T14:41:36.252Z",
    "user": 1,
    "content_type": 9,
    "object_id": "2",
    "object_repr": "django",
    "action_flag": 2,
    "change_message": "[]"
  }
},
{
  "model": "admin.logentry",
  "pk": 28,
  "fields": {
    "action_time": "2023-07-22T15:14:21.656Z",
    "user": 1,
    "content_type": 7,
    "object_id": "4",
    "object_repr": "What is Django Framework?",
    "action_flag": 2,
    "change_message": "[{\"changed\": {\"fields\": [\"Tags\"]}}]"
  }
},
{
  "model": "admin.logentry",
  "pk": 29,
  "fields": {
    "action_time": "2023-07-22T15:41:47.290Z",
    "user": 1,
    "content_type": 7,
    "object_id": "5",
    "object_repr": "What is On-page SEO?",
    "action_flag": 2,
    "change_message": "[{\"changed\": {\"fields\": [\"Tags\"]}}]"
  }
},
{
  "model": "admin.logentry",
  "pk": 30,
  "fields": {
    "action_time": "2023-07-22T15:42:09.647Z",
    "user": 1,
    "content_type": 7,
    "object_id": "6",
    "object_repr": "HTTP Methods: CRUD",
    "action_flag": 2,
    "change_message": "[{\"changed\": {\"fields\": [\"Tags\"]}}]"
  }
},
{
  "model": "admin.logentry",
  "pk": 31,
  "fields": {
    "action_time": "2023-07-22T15:42:35.627Z",
    "user": 1,
    "content_type": 7,
    "object_id": "8",
    "object_repr": "Class vs Instances",
    "action_flag": 2,
    "change_message": "[{\"changed\": {\"fields\": [\"Tags\"]}}]"
  }
},
{
  "model": "admin.logentry",
  "pk": 32,
  "fields": {
    "action_time": "2023-07-22T15:42:50.689Z",
    "user": 1,
    "content_type": 7,
    "object_id": "8",
    "object_repr": "Class vs Instances",
    "action_flag": 2,
    "change_message": "[{\"changed\": {\"fields\": [\"Tags\"]}}]"
  }
},
{
  "model": "admin.logentry",
  "pk": 33,
  "fields": {
    "action_time": "2023-07-22T15:43:20.509Z",
    "user": 1,
    "content_type": 7,
    "object_id": "7",
    "object_repr": "Object-Oriented-Programming (OOP) in python 3",
    "action_flag": 2,
    "change_message": "[{\"changed\": {\"fields\": [\"Tags\"]}}]"
  }
},
{
  "model": "admin.logentry",
  "pk": 34,
  "fields": {
    "action_time": "2023-07-22T15:44:01.919Z",
    "user": 1,
    "content_type": 7,
    "object_id": "4",
    "object_repr": "What is Django Framework?",
    "action_flag": 2,
    "change_message": "[]"
  }
},
{
  "model": "admin.logentry",
  "pk": 35,
  "fields": {
    "action_time": "2023-07-22T15:45:19.940Z",
    "user": 1,
    "content_type": 7,
    "object_id": "5",
    "object_repr": "What is On-page SEO?",
    "action_flag": 2,
    "change_message": "[]"
  }
},
{
  "model": "admin.logentry",
  "pk": 36,
  "fields": {
    "action_time": "2023-07-22T15:45:43.033Z",
    "user": 1,
    "content_type": 7,
    "object_id": "6",
    "object_repr": "HTTP Methods: CRUD",
    "action_flag": 2,
    "change_message": "[]"
  }
},
{
  "model": "admin.logentry",
  "pk": 37,
  "fields": {
    "action_time": "2023-07-22T15:46:08.408Z",
    "user": 1,
    "content_type": 7,
    "object_id": "7",
    "object_repr": "Object-Oriented-Programming (OOP) in python 3",
    "action_flag": 2,
    "change_message": "[{\"changed\": {\"fields\": [\"Tags\"]}}]"
  }
},
{
  "model": "admin.logentry",
  "pk": 38,
  "fields": {
    "action_time": "2023-07-22T15:46:21.478Z",
    "user": 1,
    "content_type": 7,
    "object_id": "8",
    "object_repr": "Class vs Instances",
    "action_flag": 2,
    "change_message": "[]"
  }
},
{
  "model": "admin.logentry",
  "pk": 39,
  "fields": {
    "action_time": "2023-07-22T18:09:10.033Z",
    "user": 1,
    "content_type": 7,
    "object_id": "9",
    "object_repr": "Markdown Post",
    "action_flag": 1,
    "change_message": "[{\"added\": {}}]"
  }
},
{
  "model": "admin.logentry",
  "pk": 40,
  "fields": {
    "action_time": "2023-07-22T18:10:32.992Z",
    "user": 1,
    "content_type": 7,
    "object_id": "9",
    "object_repr": "Markdown Post",
    "action_flag": 2,
    "change_message": "[{\"changed\": {\"fields\": [\"Body\"]}}]"
  }
},
{
  "model": "admin.logentry",
  "pk": 41,
  "fields": {
    "action_time": "2023-07-22T18:11:18.045Z",
    "user": 1,
    "content_type": 7,
    "object_id": "9",
    "object_repr": "Markdown Post",
    "action_flag": 2,
    "change_message": "[{\"changed\": {\"fields\": [\"Body\"]}}]"
  }
},
{
  "model": "admin.logentry",
  "pk": 42,
  "fields": {
    "action_time": "2023-07-22T18:11:58.590Z",
    "user": 1,
    "content_type": 7,
    "object_id": "9",
    "object_repr": "Markdown Post",
    "action_flag": 2,
    "change_message": "[{\"changed\": {\"fields\": [\"Body\"]}}]"
  }
},
{
  "model": "admin.logentry",
  "pk": 43,
  "fields": {
    "action_time": "2023-07-22T18:12:27.611Z",
    "user": 1,
    "content_type": 7,
    "object_id": "9",
    "object_repr": "Markdown Post",
    "action_flag": 2,
    "change_message": "[{\"changed\": {\"fields\": [\"Body\"]}}]"
  }
},
{
  "model": "admin.logentry",
  "pk": 44,
  "fields": {
    "action_time": "2023-07-22T18:12:53.131Z",
    "user": 1,
    "content_type": 7,
    "object_id": "9",
    "object_repr": "Markdown Post",
    "action_flag": 2,
    "change_message": "[{\"changed\": {\"fields\": [\"Body\"]}}]"
  }
},
{
  "model": "admin.logentry",
  "pk": 45,
  "fields": {
    "action_time": "2023-07-22T18:14:21.049Z",
    "user": 1,
    "content_type": 7,
    "object_id": "9",
    "object_repr": "Markdown Post",
    "action_flag": 2,
    "change_message": "[{\"changed\": {\"fields\": [\"Body\"]}}]"
  }
},
{
  "model": "admin.logentry",
  "pk": 46,
  "fields": {
    "action_time": "2023-07-22T18:14:59.910Z",
    "user": 1,
    "content_type": 7,
    "object_id": "9",
    "object_repr": "Markdown Post",
    "action_flag": 2,
    "change_message": "[{\"changed\": {\"fields\": [\"Body\"]}}]"
  }
},
{
  "model": "admin.logentry",
  "pk": 47,
  "fields": {
    "action_time": "2023-07-22T18:15:19.876Z",
    "user": 1,
    "content_type": 7,
    "object_id": "9",
    "object_repr": "Markdown Post",
    "action_flag": 2,
    "change_message": "[{\"changed\": {\"fields\": [\"Body\"]}}]"
  }
},
{
  "model": "admin.logentry",
  "pk": 48,
  "fields": {
    "action_time": "2023-07-23T21:13:50.894Z",
    "user": 1,
    "content_type": 11,
    "object_id": "1",
    "object_repr": "localhost:8000",
    "action_flag": 2,
    "change_message": "[{\"changed\": {\"fields\": [\"Domain name\", \"Display name\"]}}]"
  }
},
{
  "model": "admin.logentry",
  "pk": 49,
  "fields": {
    "action_time": "2023-07-24T19:22:58.271Z",
    "user": 1,
    "content_type": 11,
    "object_id": "1",
    "object_repr": "localhost:8000",
    "action_flag": 2,
    "change_message": "[]"
  }
},
{
  "model": "auth.permission",
  "pk": 1,
  "fields": {
    "name": "Can add log entry",
    "content_type": 1,
    "codename": "add_logentry"
  }
},
{
  "model": "auth.permission",
  "pk": 2,
  "fields": {
    "name": "Can change log entry",
    "content_type": 1,
    "codename": "change_logentry"
  }
},
{
  "model": "auth.permission",
  "pk": 3,
  "fields": {
    "name": "Can delete log entry",
    "content_type": 1,
    "codename": "delete_logentry"
  }
},
{
  "model": "auth.permission",
  "pk": 4,
  "fields": {
    "name": "Can view log entry",
    "content_type": 1,
    "codename": "view_logentry"
  }
},
{
  "model": "auth.permission",
  "pk": 5,
  "fields": {
    "name": "Can add permission",
    "content_type": 2,
    "codename": "add_permission"
  }
},
{
  "model": "auth.permission",
  "pk": 6,
  "fields": {
    "name": "Can change permission",
    "content_type": 2,
    "codename": "change_permission"
  }
},
{
  "model": "auth.permission",
  "pk": 7,
  "fields": {
    "name": "Can delete permission",
    "content_type": 2,
    "codename": "delete_permission"
  }
},
{
  "model": "auth.permission",
  "pk": 8,
  "fields": {
    "name": "Can view permission",
    "content_type": 2,
    "codename": "view_permission"
  }
},
{
  "model": "auth.permission",
  "pk": 9,
  "fields": {
    "name": "Can add group",
    "content_type": 3,
    "codename": "add_group"
  }
},
{
  "model": "auth.permission",
  "pk": 10,
  "fields": {
    "name": "Can change group",
    "content_type": 3,
    "codename": "change_group"
  }
},
{
  "model": "auth.permission",
  "pk": 11,
  "fields": {
    "name": "Can delete group",
    "content_type": 3,
    "codename": "delete_group"
  }
},
{
  "model": "auth.permission",
  "pk": 12,
  "fields": {
    "name": "Can view group",
    "content_type": 3,
    "codename": "view_group"
  }
},
{
  "model": "auth.permission",
  "pk": 13,
  "fields": {
    "name": "Can add user",
    "content_type": 4,
    "codename": "add_user"
  }
},
{
  "model": "auth.permission",
  "pk": 14,
  "fields": {
    "name": "Can change user",
    "content_type": 4,
    "codename": "change_user"
  }
},
{
  "model": "auth.permission",
  "pk": 15,
  "fields": {
    "name": "Can delete user",
    "content_type": 4,
    "codename": "delete_user"
  }
},
{
  "model": "auth.permission",
  "pk": 16,
  "fields": {
    "name": "Can view user",
    "content_type": 4,
    "codename": "view_user"
  }
},
{
  "model": "auth.permission",
  "pk": 17,
  "fields": {
    "name": "Can add content type",
    "content_type": 5,
    "codename": "add_contenttype"
  }
},
{
  "model": "auth.permission",
  "pk": 18,
  "fields": {
    "name": "Can change content type",
    "content_type": 5,
    "codename": "change_contenttype"
  }
},
{
  "model": "auth.permission",
  "pk": 19,
  "fields": {
    "name": "Can delete content type",
    "content_type": 5,
    "codename": "delete_contenttype"
  }
},
{
  "model": "auth.permission",
  "pk": 20,
  "fields": {
    "name": "Can view content type",
    "content_type": 5,
    "codename": "view_contenttype"
  }
},
{
  "model": "auth.permission",
  "pk": 21,
  "fields": {
    "name": "Can add session",
    "content_type": 6,
    "codename": "add_session"
  }
},
{
  "model": "auth.permission",
  "pk": 22,
  "fields": {
    "name": "Can change session",
    "content_type": 6,
    "codename": "change_session"
  }
},
{
  "model": "auth.permission",
  "pk": 23,
  "fields": {
    "name": "Can delete session",
    "content_type": 6,
    "codename": "delete_session"
  }
},
{
  "model": "auth.permission",
  "pk": 24,
  "fields": {
    "name": "Can view session",
    "content_type": 6,
    "codename": "view_session"
  }
},
{
  "model": "auth.permission",
  "pk": 25,
  "fields": {
    "name": "Can add post",
    "content_type": 7,
    "codename": "add_post"
  }
},
{
  "model": "auth.permission",
  "pk": 26,
  "fields": {
    "name": "Can change post",
    "content_type": 7,
    "codename": "change_post"
  }
},
{
  "model": "auth.permission",
  "pk": 27,
  "fields": {
    "name": "Can delete post",
    "content_type": 7,
    "codename": "delete_post"
  }
},
{
  "model": "auth.permission",
  "pk": 28,
  "fields": {
    "name": "Can view post",
    "content_type": 7,
    "codename": "view_post"
  }
},
{
  "model": "auth.permission",
  "pk": 29,
  "fields": {
    "name": "Can add comment",
    "content_type": 8,
    "codename": "add_comment"
  }
},
{
  "model": "auth.permission",
  "pk": 30,
  "fields": {
    "name": "Can change comment",
    "content_type": 8,
    "codename": "change_comment"
  }
},
{
  "model": "auth.permission",
  "pk": 31,
  "fields": {
    "name": "Can delete comment",
    "content_type": 8,
    "codename": "delete_comment"
  }
},
{
  "model": "auth.permission",
  "pk": 32,
  "fields": {
    "name": "Can view comment",
    "content_type": 8,
    "codename": "view_comment"
  }
},
{
  "model": "auth.permission",
  "pk": 33,
  "fields": {
    "name": "Can add tag",
    "content_type": 9,
    "codename": "add_tag"
  }
},
{
  "model": "auth.permission",
  "pk": 34,
  "fields": {
    "name": "Can change tag",
    "content_type": 9,
    "codename": "change_tag"
  }
},
{
  "model": "auth.permission",
  "pk": 35,
  "fields": {
    "name": "Can delete tag",
    "content_type": 9,
    "codename": "delete_tag"
  }
},
{
  "model": "auth.permission",
  "pk": 36,
  "fields": {
    "name": "Can view tag",
    "content_type": 9,
    "codename": "view_tag"
  }
},
{
  "model": "auth.permission",
  "pk": 37,
  "fields": {
    "name": "Can add tagged item",
    "content_type": 10,
    "codename": "add_taggeditem"
  }
},
{
  "model": "auth.permission",
  "pk": 38,
  "fields": {
    "name": "Can change tagged item",
    "content_type": 10,
    "codename": "change_taggeditem"
  }
},
{
  "model": "auth.permission",
  "pk": 39,
  "fields": {
    "name": "Can delete tagged item",
    "content_type": 10,
    "codename": "delete_taggeditem"
  }
},
{
  "model": "auth.permission",
  "pk": 40,
  "fields": {
    "name": "Can view tagged item",
    "content_type": 10,
    "codename": "view_taggeditem"
  }
},
{
  "model": "auth.permission",
  "pk": 41,
  "fields": {
    "name": "Can add site",
    "content_type": 11,
    "codename": "add_site"
  }
},
{
  "model": "auth.permission",
  "pk": 42,
  "fields": {
    "name": "Can change site",
    "content_type": 11,
    "codename": "change_site"
  }
},
{
  "model": "auth.permission",
  "pk": 43,
  "fields": {
    "name": "Can delete site",
    "content_type": 11,
    "codename": "delete_site"
  }
},
{
  "model": "auth.permission",
  "pk": 44,
  "fields": {
    "name": "Can view site",
    "content_type": 11,
    "codename": "view_site"
  }
},
{
  "model": "auth.user",
  "pk": 1,
  "fields": {
    "password": "pbkdf2_sha256$600000$1aGqz8GD1N3GUBAHXPoMvT$kkRf61xDTEmycu+jXl5C4rBZWrqlYnR68PZujKfraZU=",
    "last_login": "2023-07-22T13:50:32.513Z",
    "is_superuser": true,
    "username": "admin",
    "first_name": "",
    "last_name": "",
    "email": "admin@admin.com",
    "is_staff": true,
    "is_active": true,
    "date_joined": "2023-07-12T18:31:25.088Z",
    "groups": [],
    "user_permissions": []
  }
},
{
  "model": "auth.user",
  "pk": 2,
  "fields": {
    "password": "pbkdf2_sha256$600000$iy73PRI9GGODQJwI4HwzTK$7Eg/kcQBWu00UlawHJ1tUTM7jG4AXZYQ+BzVzLq+4bQ=",
    "last_login": "2023-07-13T17:55:40.277Z",
    "is_superuser": true,
    "username": "Jose",
    "first_name": "Olawuyi",
    "last_name": "Joseph",
    "email": "josesholly499@gmail.com",
    "is_staff": true,
    "is_active": true,
    "date_joined": "2023-07-13T17:48:57Z",
    "groups": [],
    "user_permissions": []
  }
},
{
  "model": "contenttypes.contenttype",
  "pk": 1,
  "fields": {
    "app_label": "admin",
    "model": "logentry"
  }
},
{
  "model": "contenttypes.contenttype",
  "pk": 2,
  "fields": {
    "app_label": "auth",
    "model": "permission"
  }
},
{
  "model": "contenttypes.contenttype",
  "pk": 3,
  "fields": {
    "app_label": "auth",
    "model": "group"
  }
},
{
  "model": "contenttypes.contenttype",
  "pk": 4,
  "fields": {
    "app_label": "auth",
    "model": "user"
  }
},
{
  "model": "contenttypes.contenttype",
  "pk": 5,
  "fields": {
    "app_label": "contenttypes",
    "model": "contenttype"
  }
},
{
  "model": "contenttypes.contenttype",
  "pk": 6,
  "fields": {
    "app_label": "sessions",
    "model": "session"
  }
},
{
  "model": "contenttypes.contenttype",
  "pk": 7,
  "fields": {
    "app_label": "blog",
    "model": "post"
  }
},
{
  "model": "contenttypes.contenttype",
  "pk": 8,
  "fields": {
    "app_label": "blog",
    "model": "comment"
  }
},
{
  "model": "contenttypes.contenttype",
  "pk": 9,
  "fields": {
    "app_label": "taggit",
    "model": "tag"
  }
},
{
  "model": "contenttypes.contenttype",
  "pk": 10,
  "fields": {
    "app_label": "taggit",
    "model": "taggeditem"
  }
},
{
  "model": "contenttypes.contenttype",
  "pk": 11,
  "fields": {
    "app_label": "sites",
    "model": "site"
  }
},
{
  "model": "sessions.session",
  "pk": "0bi8v4aquy26ltls2z3qz5fksk89ns87",
  "fields": {
    "session_data": ".eJxVjDEOwjAMRe-SGUV1SuSGkZ0zRI5jkwJKpaadEHdHkTrA-t97_20i7VuJe5M1ztlcDJjT75aIn1I7yA-q98XyUrd1TrYr9qDN3pYsr-vh_h0UaqXX3oWsE4LnkQExOR8QeXCi4axuoOAVxEEOAsBeEZHIEwOMEwGo-XwB1pM3ow:1qND0D:0UhHXS7VOIVttHWu2zQn3-rwKcNlolarzK7zg-OX7_g",
    "expire_date": "2023-08-05T13:50:33.343Z"
  }
},
{
  "model": "sessions.session",
  "pk": "hvvaq79qp13hk76nllhxk4mlzurrpfan",
  "fields": {
    "session_data": ".eJxVjEsOwjAMBe-SNYqCnZ9YsucMkWMbUkCt1LQrxN2hUhewfTPzXqbQurSydp3LIOZkwBx-t0r80HEDcqfxNlmexmUeqt0Uu9NuL5Po87y7fweNevvWKbJDShASH6-YsebqNKdMMSqiwxBYfGTwkEAIyDvRzBLUJwVGMu8PyGI3mA:1qK0XU:ueMGQ1KUjuab0tDY1jrpFayyZ2HLjRSAKjw2dSZFd7w",
    "expire_date": "2023-07-27T17:55:40.368Z"
  }
},
{
  "model": "blog.post",
  "pk": 1,
  "fields": {
    "title": "Post 1",
    "slug": "post-1",
    "author": 1,
    "body": "This is the first post created by admin.",
    "publish": "2023-07-12T18:37:07Z",
    "created": "2023-07-12T18:43:37.425Z",
    "updated": "2023-07-12T18:43:37.425Z",
    "status": "PB"
  }
},
{
  "model": "blog.post",
  "pk": 2,
  "fields": {
    "title": "Post 2",
    "slug": "post-2",
    "author": 1,
    "body": "A new post created by User 2.",
    "publish": "2023-07-12T21:20:53Z",
    "created": "2023-07-12T21:23:58.082Z",
    "updated": "2023-07-12T21:23:58.083Z",
    "status": "DF"
  }
},
{
  "model": "blog.post",
  "pk": 3,
  "fields": {
    "title": "New title",
    "slug": "shell-post",
    "author": 1,
    "body": "Post body",
    "publish": "2023-07-12T21:59:18.815Z",
    "created": "2023-07-12T21:59:26.154Z",
    "updated": "2023-07-12T22:02:54.579Z",
    "status": "DF"
  }
},
{
  "model": "blog.post",
  "pk": 4,
  "fields": {
    "title": "What is Django Framework?",
    "slug": "what-is-django-framework",
    "author": 1,
    "body": "Django is high-level Python web framework that encourages rapid development and clean, pragmatic design. Built by experienced developers, it takes care of much of the hassle of web development, so you can focus on writing your app without needing to reinvent the wheel. It is free and open-source.",
    "publish": "2023-07-13T08:00:31Z",
    "created": "2023-07-13T08:04:54.192Z",
    "updated": "2023-07-22T15:44:01.831Z",
    "status": "PB"
  }
},
{
  "model": "blog.post",
  "pk": 5,
  "fields": {
    "title": "What is On-page SEO?",
    "slug": "what-is-on-page-seo",
    "author": 1,
    "body": "In this section, we will explore the key optimization factors for an on-page SEO strategy. It's worth remembering that \"on-page\" refers to the factors that an administrator can optimize on their own pages to improve the visitor's experience and make it easier for Google to read the site. These optimizations should be integrated within the an overall Content Marketing strategy since they largely make use of what is published on the site.",
    "publish": "2023-07-13T16:32:30Z",
    "created": "2023-07-13T16:38:32.631Z",
    "updated": "2023-07-22T15:45:19.844Z",
    "status": "PB"
  }
},
{
  "model": "blog.post",
  "pk": 6,
  "fields": {
    "title": "HTTP Methods: CRUD",
    "slug": "http-methods-crud",
    "author": 1,
    "body": "The primary or most-commonly used HTTP verbs (or methods, as they are properly called) are POST, GET, PUT amd DELETE. Thes corresponds to create, read, update and delete (CRUD) operations, respectively.\r\n\r\n- Post (CREATE): Used to create new responses.\r\n- Get (Read): Retrieve a representation of a resource.\r\n- Put (UPDATE): Update or create a resource.\r\n- Delete (DELETE): Used to delete a resource.",
    "publish": "2023-07-13T17:14:44Z",
    "created": "2023-07-13T17:40:27.863Z",
    "updated": "2023-07-22T15:45:43.009Z",
    "status": "PB"
  }
},
{
  "model": "blog.post",
  "pk": 7,
  "fields": {
    "title": "Object-Oriented-Programming (OOP) in python 3",
    "slug": "object-oriented-programming-oop-in-python-3",
    "author": 1,
    "body": "Object-Oriented-Programming (OOP) is a method of structuring a program by bundling related properties and behaviours into individual objects. Conceptually, objects are likr the components of a system. Think of a program of factorty assembly line of sorts. At each step of the assembly line a system component proceesess some material, ultimately transforming raw materials to finished products. An object contains data, like raw or preprocessed materials at each step on an assembly line, behaviour, like the action each assembly line componet performs.",
    "publish": "2023-07-13T17:41:18Z",
    "created": "2023-07-13T17:47:07.278Z",
    "updated": "2023-07-22T15:46:08.288Z",
    "status": "PB"
  }
},
{
  "model": "blog.post",
  "pk": 8,
  "fields": {
    "title": "Class vs Instances",
    "slug": "class-vs-instances",
    "author": 2,
    "body": "Classes are used to create user-defined data strucures. Classes define functions called Methods, which identify the behaviours and actions that an object created from the class can  perform with its data. A class is the blueprint, an instance is an object that is built from a class and contains real data. Class is more like a form o rquestionnaire. An instance is a like a form that has been filled out with information.",
    "publish": "2023-07-13T17:56:28Z",
    "created": "2023-07-13T18:01:52.245Z",
    "updated": "2023-07-22T15:46:21.454Z",
    "status": "PB"
  }
},
{
  "model": "blog.post",
  "pk": 9,
  "fields": {
    "title": "Markdown Post",
    "slug": "markdown-post",
    "author": 2,
    "body": "## This is a markdown post\r\n--------------------------------------\r\n### Markdown post title\r\n\r\n*This is emphasized* and  **this is more emphasized**.\r\n\r\nHere is a list:\r\n\r\n- One\r\n- Two\r\n- Three\r\n\r\nAnd a [link to the Django website](https://www.djangoproject.com/).",
    "publish": "2023-07-22T17:59:33Z",
    "created": "2023-07-22T18:09:09.736Z",
    "updated": "2023-07-22T18:15:19.860Z",
    "status": "PB"
  }
},
{
  "model": "blog.comment",
  "pk": 1,
  "fields": {
    "post": 7,
    "name": "Jose Sholly",
    "email": "josesholly499@gmail.com",
    "body": "Nice work",
    "created": "2023-07-17T22:04:30.473Z",
    "updated": "2023-07-18T21:30:13.517Z",
    "active": true
  }
},
{
  "model": "blog.comment",
  "pk": 2,
  "fields": {
    "post": 8,
    "name": "Jose Sholly",
    "email": "josesholly499@gmail.com",
    "body": "Nice Work",
    "created": "2023-07-17T22:06:08.992Z",
    "updated": "2023-07-18T21:30:33.289Z",
    "active": true
  }
},
{
  "model": "blog.comment",
  "pk": 3,
  "fields": {
    "post": 7,
    "name": "Jose Sholly",
    "email": "josesholly499@gmail.com",
    "body": "I don't understand.",
    "created": "2023-07-18T16:33:57.573Z",
    "updated": "2023-07-18T21:30:59.047Z",
    "active": true
  }
},
{
  "model": "blog.comment",
  "pk": 4,
  "fields": {
    "post": 7,
    "name": "Jose Sholly",
    "email": "josesholly499@gmail.com",
    "body": "I don't understand.",
    "created": "2023-07-18T16:36:18.335Z",
    "updated": "2023-07-18T22:47:39.360Z",
    "active": true
  }
},
{
  "model": "blog.comment",
  "pk": 5,
  "fields": {
    "post": 7,
    "name": "Jose Sholly",
    "email": "josesholly499@gmail.com",
    "body": "I don't understand.",
    "created": "2023-07-18T16:44:14.764Z",
    "updated": "2023-07-18T22:47:57.916Z",
    "active": true
  }
},
{
  "model": "blog.comment",
  "pk": 6,
  "fields": {
    "post": 7,
    "name": "Jose Sholly",
    "email": "josesholly499@gmail.com",
    "body": "Brilliant work",
    "created": "2023-07-18T16:55:35.772Z",
    "updated": "2023-07-18T22:48:12.856Z",
    "active": true
  }
},
{
  "model": "blog.comment",
  "pk": 7,
  "fields": {
    "post": 6,
    "name": "Admin",
    "email": "favourmeogou@gmail.com",
    "body": "This is brilliant!!",
    "created": "2023-07-18T18:33:02.091Z",
    "updated": "2023-07-18T22:48:29.843Z",
    "active": true
  }
},
{
  "model": "blog.comment",
  "pk": 8,
  "fields": {
    "post": 7,
    "name": "Lena",
    "email": "rodri@company.com",
    "body": "Cool Stuff",
    "created": "2023-07-18T21:38:32.951Z",
    "updated": "2023-07-18T22:48:54.411Z",
    "active": true
  }
},
{
  "model": "blog.comment",
  "pk": 9,
  "fields": {
    "post": 7,
    "name": "Jose",
    "email": "rodri@company.com",
    "body": "Beautiful piece",
    "created": "2023-07-18T21:42:50.978Z",
    "updated": "2023-07-18T22:49:10.569Z",
    "active": true
  }
},
{
  "model": "blog.comment",
  "pk": 10,
  "fields": {
    "post": 6,
    "name": "Zeal",
    "email": "favourmeogou@gmail.com",
    "body": "New Stuff",
    "created": "2023-07-18T21:44:39.309Z",
    "updated": "2023-07-18T22:49:24.808Z",
    "active": true
  }
},
{
  "model": "blog.comment",
  "pk": 11,
  "fields": {
    "post": 6,
    "name": "Lena",
    "email": "rodri@company.com",
    "body": "Great Work",
    "created": "2023-07-18T22:16:47.288Z",
    "updated": "2023-07-18T22:47:17.969Z",
    "active": true
  }
},
{
  "model": "blog.comment",
  "pk": 12,
  "fields": {
    "post": 7,
    "name": "Lena",
    "email": "lena23@gmail.com",
    "body": "Nice work",
    "created": "2023-07-18T22:39:51.478Z",
    "updated": "2023-07-18T22:39:51.478Z",
    "active": true
  }
},
{
  "model": "blog.comment",
  "pk": 13,
  "fields": {
    "post": 6,
    "name": "Lena",
    "email": "Lena23@gmail.com",
    "body": "Thank you so much!!!",
    "created": "2023-07-18T22:41:01.708Z",
    "updated": "2023-07-18T22:41:01.708Z",
    "active": true
  }
},
{
  "model": "blog.comment",
  "pk": 14,
  "fields": {
    "post": 6,
    "name": "olawuyi",
    "email": "olawuyi30@gmail.com",
    "body": "This is resourceful.",
    "created": "2023-07-18T22:46:22.534Z",
    "updated": "2023-07-18T22:46:22.534Z",
    "active": true
  }
},
{
  "model": "blog.comment",
  "pk": 15,
  "fields": {
    "post": 7,
    "name": "Nifemi",
    "email": "Niffy22@gmail.com",
    "body": "Great work!!",
    "created": "2023-07-19T17:58:58.282Z",
    "updated": "2023-07-19T17:58:58.282Z",
    "active": true
  }
},
{
  "model": "blog.comment",
  "pk": 16,
  "fields": {
    "post": 4,
    "name": "Lad",
    "email": "laddurojaiye@gmail.com",
    "body": "Nice thread on Django...",
    "created": "2023-07-21T11:16:15.834Z",
    "updated": "2023-07-21T11:16:15.834Z",
    "active": true
  }
},
{
  "model": "blog.comment",
  "pk": 17,
  "fields": {
    "post": 7,
    "name": "Lad",
    "email": "laddurojaiye@gmail.com",
    "body": "Not too good man...",
    "created": "2023-07-25T06:09:36.330Z",
    "updated": "2023-07-25T06:09:36.330Z",
    "active": true
  }
},
{
  "model": "taggit.tag",
  "pk": 1,
  "fields": {
    "name": "jazz",
    "slug": "jazz"
  }
},
{
  "model": "taggit.tag",
  "pk": 2,
  "fields": {
    "name": "django",
    "slug": "django"
  }
},
{
  "model": "taggit.tag",
  "pk": 3,
  "fields": {
    "name": "music",
    "slug": "music"
  }
},
{
  "model": "taggit.tag",
  "pk": 4,
  "fields": {
    "name": "tech",
    "slug": "tech"
  }
},
{
  "model": "taggit.tag",
  "pk": 5,
  "fields": {
    "name": "tech.",
    "slug": "tech_1"
  }
},
{
  "model": "taggit.tag",
  "pk": 6,
  "fields": {
    "name": "python",
    "slug": "python"
  }
},
{
  "model": "taggit.taggeditem",
  "pk": 2,
  "fields": {
    "tag": 2,
    "content_type": 7,
    "object_id": 1
  }
},
{
  "model": "taggit.taggeditem",
  "pk": 3,
  "fields": {
    "tag": 3,
    "content_type": 7,
    "object_id": 1
  }
},
{
  "model": "taggit.taggeditem",
  "pk": 4,
  "fields": {
    "tag": 1,
    "content_type": 7,
    "object_id": 1
  }
},
{
  "model": "taggit.taggeditem",
  "pk": 5,
  "fields": {
    "tag": 2,
    "content_type": 7,
    "object_id": 4
  }
},
{
  "model": "taggit.taggeditem",
  "pk": 6,
  "fields": {
    "tag": 4,
    "content_type": 7,
    "object_id": 4
  }
},
{
  "model": "taggit.taggeditem",
  "pk": 7,
  "fields": {
    "tag": 2,
    "content_type": 7,
    "object_id": 5
  }
},
{
  "model": "taggit.taggeditem",
  "pk": 8,
  "fields": {
    "tag": 4,
    "content_type": 7,
    "object_id": 5
  }
},
{
  "model": "taggit.taggeditem",
  "pk": 9,
  "fields": {
    "tag": 2,
    "content_type": 7,
    "object_id": 6
  }
},
{
  "model": "taggit.taggeditem",
  "pk": 10,
  "fields": {
    "tag": 4,
    "content_type": 7,
    "object_id": 6
  }
},
{
  "model": "taggit.taggeditem",
  "pk": 12,
  "fields": {
    "tag": 6,
    "content_type": 7,
    "object_id": 8
  }
},
{
  "model": "taggit.taggeditem",
  "pk": 13,
  "fields": {
    "tag": 4,
    "content_type": 7,
    "object_id": 8
  }
},
{
  "model": "taggit.taggeditem",
  "pk": 14,
  "fields": {
    "tag": 2,
    "content_type": 7,
    "object_id": 7
  }
},
{
  "model": "taggit.taggeditem",
  "pk": 15,
  "fields": {
    "tag": 4,
    "content_type": 7,
    "object_id": 7
  }
},
{
  "model": "taggit.taggeditem",
  "pk": 16,
  "fields": {
    "tag": 6,
    "content_type": 7,
    "object_id": 7
  }
},
{
  "model": "taggit.taggeditem",
  "pk": 17,
  "fields": {
    "tag": 2,
    "content_type": 7,
    "object_id": 9
  }
},
{
  "model": "taggit.taggeditem",
  "pk": 18,
  "fields": {
    "tag": 4,
    "content_type": 7,
    "object_id": 9
  }
},
{
  "model": "sites.site",
  "pk": 1,
  "fields": {
    "domain": "localhost:8000",
    "name": "localhost:8000"
  }
}
]
